name,gender,usage,category
Lukas,m,f,german
Anna,f,f,german
Schneider,,l,german
Müller,,l,german
Jonas,m,f,german
Mia,f,f,german
Weber,,l,german
Koch,,l,german
Leon,m,f,german
Emma,f,f,german
Schmidt,,l,german
Klein,,l,german
Paul,m,f,german
Hannah,f,f,german
Bauer,,l,german
Wolf,,l,german
Ben,m,f,german
Marie,f,f,german
Elias,m,f,german
Fischer,,l,german
Noah,m,f,german
Lea,f,f,german
Scholz,,l,german
Brandt,,l,german
Tim,m,f,german
Lara,f,f,german
Walter,,l,german
Krämer,,l,german
Julian,m,f,german
Nina,f,f,german
Keller,,l,german
Graf,,l,german
Theo,m,f,german
Ida,f,f,german
Franke,,l,german
Arnold,,l,german
Milan,m,f,german
Luisa,f,f,german
Hoffmann,,l,german
Berger,,l,german
Fabian,m,f,german
Jana,f,f,german
Seidel,,l,german
Lorenz,,l,german
Simon,m,f,german
Greta,f,f,german
Becker,,l,german
Maier,,l,german
David,m,f,german
Alina,f,f,german
Hartmann,,l,german
Winkler,,l,german
Tobias,m,f,german
Melina,f,f,german
Reinhardt,,l,german
Jannis,m,f,german
Ella,f,f,german
Voigt,,l,german
Fuchs,,l,german
Oskar,m,f,german
Lena,f,f,german
Dietrich,,l,german
Kuhn,,l,german
Maximilian,m,f,german
Clara,f,f,german
Franz,,l,german
Schütz,,l,german
Matteo,m,f,german
Isabel,f,f,german
Erik,m,f,german
Helena,f,f,german
Böhm,,l,german
Pohl,,l,german
Niklas,m,f,german
Annika,f,f,german
Förster,,l,german
Jäger,,l,german
Karl,m,f,german
Marlene,f,f,german
Vogel,,l,german
Otto,,l,german
Samuel,m,f,german
Ronja,f,f,german
Ludwig,,l,german
Sauer,,l,german
Dominik,m,f,german
Theresa,f,f,german
Horn,,l,german
Voelker,,l,german
Frederik,m,f,german
Anja,f,f,german
Bach,,l,german
Busch,,l,german
Pascal,m,f,german
Fiona,f,f,german
Wagner,,l,german
Urban,,l,german
Marvin,m,f,german
Tabea,f,f,german
Ziegler,,l,german
Hauser,,l,german
Lennard,m,f,german
Elisa,f,f,german
Reiter,,l,german
Engel,,l,german
Philipp,m,f,german
Mira,f,f,german
Peters,,l,german
Dietz,,l,german
Bastian,m,f,german
Helene,f,f,german
Kirsch,,l,german
Nickel,,l,german
Jonathan,m,f,german
Neele,f,f,german
Fleck,,l,german
Albrecht,,l,german
Justus,m,f,german
Lotte,f,f,german
Ivan,m,f,russian
Anna,f,f,russian
Petrov,,l,russian
Sokolov,,l,russian
Dmitri,m,f,russian
Elena,f,f,russian
Smirnov,,l,russian
Kuznetsov,,l,russian
Nikolai,m,f,russian
Tatiana,f,f,russian
Popov,,l,russian
Lebedev,,l,russian
Yuri,m,f,russian
Irina,f,f,russian
Volkov,,l,russian
Semenov,,l,russian
Alexei,m,f,russian
Natalia,f,f,russian
Mikhailov,,l,russian
Vinogradov,,l,russian
Sergei,m,f,russian
Galina,f,f,russian
Morozov,,l,russian
Karpov,,l,russian
Viktor,m,f,russian
Svetlana,f,f,russian
Kiselev,,l,russian
Fedorov,,l,russian
Roman,m,f,russian
Maria,f,f,russian
Bogdanov,,l,russian
Zaitsev,,l,russian
Oleg,m,f,russian
Lyudmila,f,f,russian
Belov,,l,russian
Pavlov,,l,russian
Andrei,m,f,russian
Vera,f,f,russian
Baranov,,l,russian
Gusev,,l,russian
Yegor,m,f,russian
Darya,f,f,russian
Nikiforov,,l,russian
Titov,,l,russian
Stepan,m,f,russian
Valentina,f,f,russian
Orlov,,l,russian
Polyakov,,l,russian
Artyom,m,f,russian
Inna,f,f,russian
Lev,m,f,russian
Yana,f,f,russian
Aleksandr,m,f,russian
Evgenia,f,f,russian
Zhdanov,,l,russian
Babushkin,,l,russian
Ilya,m,f,russian
Yelena,f,f,russian
Rozanov,,l,russian
Maksimov,,l,russian
Ruslan,m,f,russian
Kseniya,f,f,russian
Cherepanov,,l,russian
Drozdov,,l,russian
Valeriy,m,f,russian
Polina,f,f,russian
Trofimov,,l,russian
Krylova,,l,russian
Grigori,m,f,russian
Rimma,f,f,russian
Zharkov,,l,russian
Panin,,l,russian
Dmitry,m,f,russian
Lidiya,f,f,russian
Gerasimov,,l,russian
Yashin,,l,russian
Mateusz,m,f,eastern_europe
Zofia,f,f,eastern_europe
Nowak,,l,eastern_europe
Kowalski,,l,eastern_europe
Andrej,m,f,eastern_europe
Jana,f,f,eastern_europe
Novák,,l,eastern_europe
Horváth,,l,eastern_europe
Bogdan,m,f,eastern_europe
Katarzyna,f,f,eastern_europe
Popescu,,l,eastern_europe
Ionescu,,l,eastern_europe
Milan,m,f,eastern_europe
Eliska,f,f,eastern_europe
Stoica,,l,eastern_europe
Radu,,l,eastern_europe
Tomasz,m,f,eastern_europe
Alina,f,f,eastern_europe
Dragan,,l,eastern_europe
Ivanov,,l,eastern_europe
Lukáš,m,f,eastern_europe
Milena,f,f,eastern_europe
Petrescu,,l,eastern_europe
Nedelcu,,l,eastern_europe
Radek,m,f,eastern_europe
Simona,f,f,eastern_europe
Stanković,,l,eastern_europe
Jovanović,,l,eastern_europe
Viktor,m,f,eastern_europe
Aneta,f,f,eastern_europe
Hajdu,,l,eastern_europe
Kováč,,l,eastern_europe
Rok,m,f,eastern_europe
Teodora,f,f,eastern_europe
Marković,,l,eastern_europe
Branković,,l,eastern_europe
Filip,m,f,eastern_europe
Ivana,f,f,eastern_europe
Mihailov,,l,eastern_europe
Todorov,,l,eastern_europe
Dan,m,f,eastern_europe
Lucia,f,f,eastern_europe
Babić,,l,eastern_europe
Šimun,,l,eastern_europe
Sebastian,m,f,eastern_europe
Kristina,f,f,eastern_europe
Dobrev,,l,eastern_europe
Radulov,,l,eastern_europe
Nikola,m,f,eastern_europe
Dragana,f,f,eastern_europe
Tihomir,m,f,eastern_europe
Maja,f,f,eastern_europe
Iliev,,l,eastern_europe
Stoianov,,l,eastern_europe
Borislav,m,f,eastern_europe
Nadezhda,f,f,eastern_europe
Kolev,,l,eastern_europe
Mladenov,,l,eastern_europe
Vladislav,m,f,eastern_europe
Magda,f,f,eastern_europe
Traian,,l,eastern_europe
Ciobanu,,l,eastern_europe
Jaroslav,m,f,eastern_europe
Diana,f,f,eastern_europe
Mazur,,l,eastern_europe
Tarnowski,,l,eastern_europe
Bohdan,m,f,eastern_europe
Iryna,f,f,eastern_europe
Micu,,l,eastern_europe
Stefanescu,,l,eastern_europe
Veselin,m,f,eastern_europe
Jelena,f,f,eastern_europe
Petrovic,,l,eastern_europe
Zdravkov,,l,eastern_europe
